group,query_name,expected_scaffold,expected_selectivity,chembl_id,pref_name,canonical_smiles,murcko_scaffold,Ki_5HT2A_nM,Ki_5HT2A_rel,Ki_5HT2A_n_exact,Ki_5HT2A_n_cens,Ki_D2_nM,Ki_D2_rel,Ki_D2_n_exact,Ki_D2_n_cens,pKi_5HT2A,pKi_D2,delta_pKi,selectivity_5HT2A_over_D2,selectivity_D2_over_5HT2A,observed_selectivity,classification_note,data_completeness,g3_reclassification_warning,matches_expected_selectivity
Group 1 - 5HT2A selective,risperidone,benzisoxazole,5HT2A,CHEMBL85,RISPERIDONE,Cc1nc2n(c(=O)c1CCN1CCC(c3noc4cc(F)ccc34)CC1)CCCC2,O=c1c(CCN2CCC(c3noc4ccccc34)CC2)cnc2n1CCCC2,0.5,=,22,0,3.8499999999999996,=,20,0,9.301,8.415,0.886,7.7,0.13,5HT2A,"ΔpKi=+0.89 (Ki_5HT2A=0.5, Ki_D2=3.8 nM)",both_exact,False,True
Group 1 - 5HT2A selective,ketanserin,quinazolinedione,5HT2A,CHEMBL51,KETANSERIN,O=C(c1ccc(F)cc1)C1CCN(CCn2c(=O)[nH]c3ccccc3c2=O)CC1,O=C(c1ccccc1)C1CCN(CCn2c(=O)[nH]c3ccccc3c2=O)CC1,0.42500000000000004,=,14,0,240.0,=,1,0,9.372,6.62,2.752,564.71,0.0,5HT2A,"ΔpKi=+2.75 (Ki_5HT2A=0.4, Ki_D2=240.0 nM)",both_exact,False,True
Group 1 - 5HT2A selective,clozapine,dibenzodiazepine,5HT2A,CHEMBL42,CLOZAPINE,CN1CCN(C2=Nc3cc(Cl)ccc3Nc3ccccc32)CC1,c1ccc2c(c1)N=C(N1CCNCC1)c1ccccc1N2,9.12,=,41,0,104.16499999999999,=,80,1,8.04,6.982,1.058,11.42,0.09,5HT2A,"ΔpKi=+1.06 (Ki_5HT2A=9.1, Ki_D2=104.2 nM)",both_exact,False,True
Group 1 - 5HT2A selective,volinanserin,diaryl_piperidine,5HT2A,CHEMBL74355,VOLINANSERIN,COc1cccc([C@H](O)C2CCN(CCc3ccc(F)cc3)CC2)c1OC,c1ccc(CCN2CCC(Cc3ccccc3)CC2)cc1,0.31,=,9,0,1300.0,=,4,0,9.509,5.886,3.623,4193.55,0.0,5HT2A,"ΔpKi=+3.62 (Ki_5HT2A=0.3, Ki_D2=1300.0 nM)",both_exact,False,True
Group 1 - D2 selective,raclopride,substituted_benzamide,D2,CHEMBL8809,RACLOPRIDE,CCN1CCC[C@H]1CNC(=O)c1c(O)c(Cl)cc(Cl)c1OC,O=C(NC[C@@H]1CCCN1)c1ccccc1,,,0,0,12.7,=,5,0,,7.896,,,,D2,"Ki_D2=12.7 nM, Ki_5HT2A=N/A (brak)",one_sided,False,True
Group 1 - D2 selective,sulpiride,benzamide_sulfonamide,D2,CHEMBL26,SULPIRIDE,CCN1CCCC1CNC(=O)c1cc(S(N)(=O)=O)ccc1OC,O=C(NCC1CCCN1)c1ccccc1,,,0,0,38.9,=,4,0,,7.41,,,,D2,"Ki_D2=38.9 nM, Ki_5HT2A=N/A (brak)",one_sided,False,True
Group 1 - D2 selective,amisulpride,aminobenzamide,D2,CHEMBL243712,AMISULPRIDE,CCN1CCCC1CNC(=O)c1cc(S(=O)(=O)CC)c(N)cc1OC,O=C(NCC1CCCN1)c1ccccc1,630.96,=,1,0,7.795,=,2,0,6.2,8.108,-1.908,0.01,80.94,D2,"ΔpKi=-1.91 (Ki_5HT2A=631.0, Ki_D2=7.8 nM)",both_exact,False,True
Group 1 - D2 selective,L-741626,indole_piperidine,D2,CHEMBL58832,ASPARAGINE,NC(=O)C[C@H](N)C(=O)O,,,,0,0,,,0,0,,,,,,inactive,oba Ki > próg lub brak danych,no_ki,False,False
Group 2 - inactive controls,atropine,,inactive,CHEMBL517712,ATROPINE,CN1[C@@H]2CC[C@H]1C[C@@H](OC(=O)C(CO)c1ccccc1)C2,O=C(Cc1ccccc1)O[C@H]1C[C@H]2CC[C@@H](C1)N2,,,0,0,,,0,0,,,,,,inactive,oba Ki > próg lub brak danych,no_ki,False,True
Group 2 - inactive controls,naloxone,,inactive,CHEMBL80,NALOXONE,C=CCN1CC[C@]23c4c5ccc(O)c4O[C@H]2C(=O)CC[C@@]3(O)[C@H]1C5,O=C1CCC2[C@H]3Cc4cccc5c4[C@@]2(CCN3)[C@H]1O5,,,0,0,,,0,0,,,,,,inactive,oba Ki > próg lub brak danych,no_ki,False,True
Group 2 - inactive controls,caffeine,,inactive,CHEMBL113,CAFFEINE,Cn1c(=O)c2c(ncn2C)n(C)c1=O,O=c1[nH]c(=O)c2[nH]cnc2[nH]1,,,0,0,,,0,0,,,,,,inactive,oba Ki > próg lub brak danych,no_ki,False,True
Group 2 - inactive controls,scopolamine,,inactive,CHEMBL569713,SCOPOLAMINE,CN1[C@@H]2C[C@@H](OC(=O)[C@H](CO)c3ccccc3)C[C@H]1[C@@H]1O[C@@H]12,O=C(Cc1ccccc1)O[C@H]1C[C@@H]2N[C@H](C1)[C@H]1O[C@H]12,,,0,0,,,0,0,,,,,,inactive,oba Ki > próg lub brak danych,no_ki,False,True
Group 3 - active non-selective,spiperone,butyrophenone_spiro,non-selective,CHEMBL267930,SPIPERONE,O=C(CCCN1CCC2(CC1)C(=O)NCN2c1ccccc1)c1ccc(F)cc1,O=C(CCCN1CCC2(CC1)C(=O)NCN2c1ccccc1)c1ccccc1,2.5700000000000003,=,6,0,0.16,=,12,0,8.59,9.796,-1.206,0.06,16.06,D2,"ΔpKi=-1.21 (Ki_5HT2A=2.6, Ki_D2=0.2 nM)",both_exact,True,False
Group 3 - active non-selective,pimozide,diphenylbutylpiperidine,non-selective,CHEMBL1423,PIMOZIDE,O=c1[nH]c2ccccc2n1C1CCN(CCCC(c2ccc(F)cc2)c2ccc(F)cc2)CC1,O=c1[nH]c2ccccc2n1C1CCN(CCCC(c2ccccc2)c2ccccc2)CC1,,,0,0,11.7,=,3,0,,7.932,,,,D2,"Ki_D2=11.7 nM, Ki_5HT2A=N/A (brak)",one_sided,True,False
Group 3 - active non-selective,thioridazine,phenothiazine,non-selective,CHEMBL479,THIORIDAZINE,CSc1ccc2c(c1)N(CCC1CCCCN1C)c1ccccc1S2,c1ccc2c(c1)Sc1ccccc1N2CCC1CCCCN1,42.6235,=,2,0,12.0,=,3,0,7.37,7.921,-0.55,0.28,3.55,D2,"ΔpKi=-0.55 (Ki_5HT2A=42.6, Ki_D2=12.0 nM)",both_exact,True,False
Group 3 - active non-selective,haloperidol,butyrophenone,non-selective,CHEMBL54,HALOPERIDOL,O=C(CCCN1CCC(O)(c2ccc(Cl)cc2)CC1)c1ccc(F)cc1,O=C(CCCN1CCC(c2ccccc2)CC1)c1ccccc1,120.0,=,19,0,1.55,=,104,1,6.921,8.81,-1.889,0.01,77.42,D2,"ΔpKi=-1.89 (Ki_5HT2A=120.0, Ki_D2=1.6 nM)",both_exact,True,False
Group 3 - active non-selective,chlorpromazine,phenothiazine,non-selective,CHEMBL71,CHLORPROMAZINE,CN(C)CCCN1c2ccccc2Sc2ccc(Cl)cc21,c1ccc2c(c1)Nc1ccccc1S2,5.9,=,5,0,4.06,=,9,0,8.229,8.391,-0.162,0.69,1.45,non-selective,ΔpKi=-0.16 (poza ±0.5),both_exact,False,True
Group 3 - active non-selective,olanzapine,thienobenzodiazepine,non-selective,CHEMBL715,OLANZAPINE,Cc1cc2c(s1)Nc1ccccc1N=C2N1CCN(C)CC1,c1ccc2c(c1)N=C(N1CCNCC1)c1ccsc1N2,4.0,=,25,0,19.95,=,31,0,8.398,7.7,0.698,4.99,0.2,5HT2A,"ΔpKi=+0.70 (Ki_5HT2A=4.0, Ki_D2=19.9 nM)",both_exact,True,False
